{"cameraMode":{"drawMode":0,"name":"Shaded","section":"Shading Mode"},"sceneLighting":true,"audioPlay":false,"sceneViewState":{"showFog":true,"showMaterialUpdate":true,"showSkybox":true,"showFlares":true,"showImageEffects":true,"showParticleSystems":true},"in2DMode":false,"pivot":{"x":2.8286314010620119,"y":0.7430419921875,"z":-2.630563497543335},"rotation":{"x":-0.15103718638420106,"y":-0.327699214220047,"z":0.05315597355365753,"w":-0.9311198592185974},"size":3.7454750537872316,"orthographic":false}