{"cameraMode":{"drawMode":0,"name":"Shaded","section":"Shading Mode"},"sceneLighting":true,"audioPlay":false,"sceneViewState":{"m_AlwaysRefresh":true,"showFog":true,"showSkybox":true,"showFlares":true,"showImageEffects":true,"showParticleSystems":true,"showVisualEffectGraphs":true,"m_FxEnabled":true},"in2DMode":false,"pivot":{"x":-0.7175368666648865,"y":2.422992706298828,"z":-1.0291086435317994},"rotation":{"x":0.33956509828567507,"y":0.16112764179706574,"z":-0.05916279926896095,"w":0.9247896075248718},"size":1.3482825756072999,"orthographic":false}