{"cameraMode":{"drawMode":0,"name":"Shaded","section":"Shading Mode"},"sceneLighting":true,"audioPlay":false,"sceneViewState":{"showFog":true,"showMaterialUpdate":false,"showSkybox":true,"showFlares":true,"showImageEffects":true,"showParticleSystems":true},"in2DMode":false,"pivot":{"x":0.4200913906097412,"y":0.945232093334198,"z":-6.743354797363281},"rotation":{"x":-0.12680135667324067,"y":0.3647823631763458,"z":-0.050219692289829257,"w":-0.9210500717163086},"size":2.948275327682495,"orthographic":false}