{"cameraMode":{"drawMode":0,"name":"Shaded","section":"Shading Mode"},"sceneLighting":true,"audioPlay":false,"sceneViewState":{"showFog":true,"showMaterialUpdate":false,"showSkybox":true,"showFlares":true,"showImageEffects":true,"showParticleSystems":true},"in2DMode":false,"pivot":{"x":3.804699420928955,"y":-2.056027412414551,"z":14.595053672790528},"rotation":{"x":-0.14959098398685456,"y":-0.09771643579006195,"z":0.014858003705739975,"w":-0.9837953448295593},"size":25.743619918823243,"orthographic":false}