{"cameraMode":{"drawMode":0,"name":"Shaded","section":"Shading Mode"},"sceneLighting":true,"audioPlay":false,"sceneViewState":{"showFog":true,"showMaterialUpdate":false,"showSkybox":true,"showFlares":true,"showImageEffects":true,"showParticleSystems":true},"in2DMode":false,"pivot":{"x":0.45596766471862795,"y":-1.3859398365020753,"z":12.872209548950196},"rotation":{"x":-0.09465111792087555,"y":-0.018816806375980378,"z":0.001789345289580524,"w":-0.9953310489654541},"size":20.382396697998048,"orthographic":false}